Name,Location,Date_Built,Description,Latitude,Longitude
Tipu Sultan's Summer Palace,Chamrajpet,1781-1791,"Indo-Islamic summer residence of Tipu Sultan within the old Bangalore Fort.",12.9530,77.5736
Bengaluru Palace,Vasanth Nagar,1887,"Tudor/Scottish Gothic style palace built for the Wodeyars of Mysore.",12.9983,77.5928
Gavi Gangadhareshwara Temple,Gavipuram,16th century,"Rock-cut cave temple famous for its unique astronomical design.",12.9542,77.5730
Government Museum,Kasturba Road,1865,"One of India's oldest museums, housing archaeological and geological exhibits.",12.9716,77.5946
Ranganathaswamy Temple,Chickpet,16th century,"Vaishnava temple dedicated to Lord Ranganatha in old Bangalore area.",12.9700,77.5810
Bull Temple,Basavanagudi,16th century,"Temple dedicated to Nandi (bull) with a massive monolithic idol.",12.9524,77.5713
Devanahalli Fort,Devanahalli,16th century,"Birthplace region of Tipu Sultan; historic fortification north of Bangalore.",13.2015,77.7120
Attara Kacheri,Cubbon Park,1868,"Red Gothic structure housing the Karnataka High Court.",12.9767,77.5921
Vidhana Soudha,Sampangi Rama Nagara,1956,"Seat of Karnataka Legislature, built in neo-Dravidian architectural style.",12.9799,77.5903
Lalbagh Botanical Garden,Lalbagh,18th-19th century,"Historic garden started by Hyder Ali and Tipu Sultan; Glass House added in 1890.",12.9500,77.5848
ISKCON Temple,Rajajinagar,1997,"Modern temple complex dedicated to Lord Krishna blending tradition and modern architecture.",13.0096,77.5511
St. Mary's Basilica,Shivaji Nagar,1882,"One of the oldest churches in Bangalore, known for its Gothic architecture.",12.9830,77.6040
Mayo Hall,M.G. Road,1883,"British-era administrative building named after Lord Mayo, featuring colonial architecture.",12.9740,77.6190
Someshwara Temple,Ulsoor,16th century,"Dravidian-style Shiva temple built during the Chola period.",12.9756,77.6221
Begur Fort,Begur,9th century,"Ancient fort with inscriptions referencing 'Bengaluru' — oldest mention of the city name.",12.8850,77.6100
Krishna Rajendra Market (KR Market),Avenue Road,1928,"Historic trading center built over old battlefield area; vibrant market today.",12.9631,77.5770
Mekhri Circle Underpass,Hebbal,1940s,"Part of British-era infrastructure expansion connecting northern Bengaluru.",13.0150,77.5900
Nandi Hills,Chikkaballapur,Pre-18th century,"Hill fortress used by Tipu Sultan; offers panoramic views and fort remains.",13.3700,77.6830
Ulsoor Lake,Ulsoor,2nd century (restored 16th),"Historic man-made lake associated with Kempegowda's era.",12.9835,77.6195
Freedom Park,Seshadri Road,2008 (former Central Jail site),"Converted from British-era Central Jail into a public park symbolizing independence.",12.9780,77.5850
